{"initial_reset_timestamp": 1605385987.372192, "timestamps": [1605386022.6304483], "episode_lengths": [500], "episode_rewards": [500.0], "episode_types": ["t"]}